,central,federated,federated + secure aggregation
central,1.0,0.9791953549000062,0.9637728146174214
federated,0.9791953549000062,1.0,0.9621833787072418
federated + secure aggregation,0.9637728146174214,0.9621833787072418,1.0
