,central,federated,federated + secure aggregation
central,1.0,0.9921298508861565,0.9940434694291007
federated,0.9921298508861565,1.0,0.9930072904880791
federated + secure aggregation,0.9940434694291007,0.9930072904880791,1.0
