	Feature	Coefficient
2	stage_Localised	0.2931603148612753
3	stage_Regional	0.07793568310462723
7	subsite_Descending and sigmoid	0.05036385417661696
5	subsite_Coecum and ascending	0.010837574320219074
0	sex	-0.020107364642109386
6	subsite_Transverse	-0.026525470513460353
1	age	-0.2715134289838173
4	stage_Distant	-0.31001011884651253
