	Feature	Coefficient
2	stage_Localised	0.29316029862119186
3	stage_Regional	0.0779356702181171
7	subsite_Descending and sigmoid	0.05036385021406558
5	subsite_Coecum and ascending	0.010837576980111613
0	sex	-0.02010735906403756
6	subsite_Transverse	-0.026525457067164145
1	age	-0.271513422630335
4	stage_Distant	-0.31001012144726203
