,central,federated,federated + secure aggregation
central,1.0,0.9965970587333073,0.9896710396472612
federated,0.9965970587333073,1.0,0.9884106549059982
federated + secure aggregation,0.9896710396472612,0.9884106549059982,1.0
