,central,federated,federated + secure aggregation
central,1.0,0.9954868826373724,0.9932319961206366
federated,0.9954868826373724,1.0,0.9889169242887805
federated + secure aggregation,0.9932319961206366,0.9889169242887805,1.0
